sequence,fitness
AKCKVQSANVCK,14.25
AQCCQHRKGYMN,14.69376
ARNRKKIMMRWI,14.98
CCWHNPKWRRTR,18.46
CHLKDLRKMGLR,10.1388
CNNIQGRNNSVW,0
CQLAWRPCAKAS,19.532
DKRKIKQKMWWG,19.13841
DKRKIKQKMWWG,10.86
DKVCKIQKRKWH,12.51172
DSDSDSDSDSDS,2.5
DSSSDSSSDSSS,7
DSSSSSDSSSSS,9.1
DTDTDTDTDTDT,2.2
DTTDTTDTTDTT,4
DTTTDTTTDTTT,4
DTTTTTDTTTTT,7.2
DWNNYLYQNLH,0
ELNTGLVLVNWK,0
EMRQWKWMWENA,6.580628
EPSNLPKGMNEK,14.1
ERQEEKIKKW,6.9
ETETETETETET,1.7
ETNVRVKVVSES,5.707696
ETNVRVKVVSES,2.368102
ETTETTETTETT,4.4
ETTTETTTETTT,4
ETTTTTETTTTT,5.9
FNSNKITPTSNM,5.29
GGRVWEWNVAA,6.08351
GIFKTTKCKHNS,7.61
GLGNQHVVVLGV,3.528919
GLIEARAMQQCC,2.704976
GNCPMKVCSPMG,8.89
GNKKNWRWYKNR,14.71334
GPMPMNAKMKLC,5.81
GQRWLYKMKDSM,11.86265
GRKRGAIWKDTK,12.75
HDDKNKESDD,7.479407
HGRKWKRTKFDD,15.49
HIAVVNWVNVGH,0
HIKWRLTKGTRT,16.08
HLVVSPRVSWGC,5.30282
HWSTCTRTRTLS,17.1
ICKLDKRIKKLK,8.96
ICLKSQPICGID,7.52
IGVLRSVKQTVR,17.62
IIRSPICCVSRV,12.89188
IKGMNIKMPTDQ,9.95
IRRWNDRIRITS,13.90809
IRTYLRKRNSTQ,8.03
KDRTSKPKRPWC,8.67
KEEVWLKWLI,13.42497
KGGGKGGGKGGG,12.1
KGGKGGKGGKGG,11.8
KGKGKGKGKGKG,10.8
KGKLDKDRNL,9.67
KHKHKHKHKHKH,12.7
KKAKKKGKKHKK,9.9
KKGKKKGKKHKK,11.3
KKGKKKGKKPKK,9.3
KKKKKKKKKKKK,10.51
KKRKKHKKGKKP,11.9
KKRLHWIRWHCG,12.01536
KMGKLIGIPVLK,8.06
KMWDWEQKKKWI,4.15
KPCKWAGRACAK,16.69529
KPWHGCASRTKR,16.19014
KRIIEDDQLE,15.19034
KSKSKSKSKSKS,17
KSSKSSKSSKSS,13.2
KSSSKSSSKSSS,13
KVIRYVVAPMKL,8.94
KVLWRMPAQIIQ,13.51793
KVRCLVEARPSW,8.194995
KWVVRPRIRRLL,14.62156
KYTKTRKQSSKA,22.48
LDHTWGKWGHQS,11.50256
LELKLGKRPMGW,9.8
LFHDIEKQLKHA,7.01
LHSSQWLKVDHLL,18.17873
LLRLLGLVER,3.037419
LSNRRGREQYAG,7.08
LSQQPRKRATWR,12.60838
LWSDIKMKLKKT,7.36
MAALLYQHRLARR,3.528221
MAMADAAAPMNA,6.965346
MKVAAAMAPKQV,10.08
MWQMKWTRKTRE,16.24
MWVKGMKHKKMK,13.23495
NAPWKHWRIINE,8.898582
NCGVNLVNAVGQ,0
NDISMCNKNNNW,8.824446
NENQWHYYWRQ,0
NFLRAQRQCQKQ,18.16368
NGTLYLNNYYE,0
NKQRRMLSRERS,28.52089
NNKCQVVAAFVM,5.401218
NQYSNWNKNYK,6.94
NRVTESVRNVKM,3.683273
NSSNHSNNMPCQ,14.06
NVVVQRRNHHTS,28.05341
NWNWWGLSYLA,0
NWRDCLSLIVPN,3.179373
PGGVRSNDLLEV,11.18031
PIKQIAWPIIEH,13.6599
PRSWEVKEKETM,18.27337
PVARKVVQICHP,18.63698
PVNRLGKMSKNR,25.03
PVVYKTVIQCCD,4.333159
QCAGWVQKRQIQ,23.37685
QCRAGAMPAMYV,12.05809
QDGSKKSLKSCK,17.59
QERRDDILWD,2.296864
QRHDSHRHGLWL,7.543669
QSCKLKKLQSLK,6.51
QSLKQSIKKLKK,5.72
QSLKSWIEKLKK,7.2
QSVQDKLKKRII,4.36
QTATENSQMNSG,3.64
QTEHYENSARNS,1.09
RGKMPLRWMTRK,17.14
RGRGRGRGRGRG,17.2
RHRHRHRHRHRH,5.5
RKHHGWRWEQWK,20.00466
RKHHGWRWEQWK,13.59362
RLPKRVQGNVEK,13.19
RLWNSGEGRGEN,12.26758
RPPMLNVVRVVG,6.489129
RRCQAQEFWLGA,9.515134
RRMVNRTITRMW,15.01
RRRRRRRRRRRR,22
RSRSRSRSRSRS,12.8
RTRTRTRTRTRT,1
RTTRTTRTTRTT,16.3
RTTTRTTTRTTT,18.9
SDGSKIKDRD,8.630329
SEVEKPFWEQDK,6.14
SNHKMSECRGLR,5.98
SSDQDRDKWL,16.82505
SYYWLWWHQQI,0
TKTKTKTKTKTK,14.1
TQHEVQSEKRGW,9.86
TSKSKKRMTAKK,21.19
TTKTTKTTKTTK,12.6
TTTKTTTKTTTK,13.8
TTTTTKTTTTTK,13.8
TTTTTTTTTTTT,6.5
TVSEPVMMVSVS,7.771304
VAWVMKAHVCTM,4.201038
VCNRIEPLKPIL,21.82239
VGSVKSGNLRMR,26.22986
VINKVISCPCVN,8.109024
VINKVISNPCVN,8.516833
VINKVISNPCVN,8.107188
VLTWSAVNNNVQ,0
VNLPMVMPNLRM,4.53
VNSDPSNGQMRD,4.15
VPNIQVKGSK,4.99326
VSLQCWELGPNK,15.70919
VSVVATGCVWET,14.33556
VTRMTIQVKGSK,15.74
WDRTSTRPSSVL,13.46
WDWEQKKKWI,5.8
WFGLQRHLKKKD,19.0715
WWWKPKREDFMK,6.58